-- phpMyAdmin SQL Dump
-- version 4.8.5
-- https://www.phpmyadmin.net/
--
-- Host: 127.0.0.1
-- Waktu pembuatan: 20 Apr 2021 pada 15.14
-- Versi server: 10.1.38-MariaDB
-- Versi PHP: 7.3.2

SET SQL_MODE = "NO_AUTO_VALUE_ON_ZERO";
SET AUTOCOMMIT = 0;
START TRANSACTION;
SET time_zone = "+00:00";


/*!40101 SET @OLD_CHARACTER_SET_CLIENT=@@CHARACTER_SET_CLIENT */;
/*!40101 SET @OLD_CHARACTER_SET_RESULTS=@@CHARACTER_SET_RESULTS */;
/*!40101 SET @OLD_COLLATION_CONNECTION=@@COLLATION_CONNECTION */;
/*!40101 SET NAMES utf8mb4 */;

--
-- Database: `lelang`
--

-- --------------------------------------------------------

--
-- Struktur dari tabel `tb_barang`
--

CREATE TABLE `tb_barang` (
  `id_barang` int(11) NOT NULL,
  `nama_barang` varchar(35) NOT NULL,
  `tgl` date NOT NULL,
  `hrg_awal` varchar(20) NOT NULL,
  `desc_barang` varchar(126) NOT NULL
) ENGINE=InnoDB DEFAULT CHARSET=latin1;

--
-- Dumping data untuk tabel `tb_barang`
--

INSERT INTO `tb_barang` (`id_barang`, `nama_barang`, `tgl`, `hrg_awal`, `desc_barang`) VALUES
(2, 'supra x 125cc', '2021-04-18', '8000000', 'diproduksi tahun 2010'),
(3, 'a', '2021-04-18', '1314242', '1111');

-- --------------------------------------------------------

--
-- Struktur dari tabel `tb_history`
--

CREATE TABLE `tb_history` (
  `id_history` int(11) NOT NULL,
  `id_lelang` int(11) NOT NULL,
  `id_barang` int(11) NOT NULL,
  `id_user` int(11) NOT NULL,
  `hrg_akhir` varchar(20) NOT NULL
) ENGINE=InnoDB DEFAULT CHARSET=latin1;

--
-- Dumping data untuk tabel `tb_history`
--

INSERT INTO `tb_history` (`id_history`, `id_lelang`, `id_barang`, `id_user`, `hrg_akhir`) VALUES
(5, 28, 2, 2, '4000'),
(6, 28, 2, 1, '5000'),
(10, 28, 2, 1, '8000');

-- --------------------------------------------------------

--
-- Struktur dari tabel `tb_lelang`
--

CREATE TABLE `tb_lelang` (
  `id_lelang` int(11) NOT NULL,
  `id_barang` int(11) NOT NULL,
  `tgl_lelang` date NOT NULL,
  `hrg_akhir` varchar(20) NOT NULL,
  `id_user` int(11) NOT NULL,
  `id_petugas` int(11) NOT NULL,
  `status` enum('dibuka','ditutup') NOT NULL
) ENGINE=InnoDB DEFAULT CHARSET=latin1;

--
-- Dumping data untuk tabel `tb_lelang`
--

INSERT INTO `tb_lelang` (`id_lelang`, `id_barang`, `tgl_lelang`, `hrg_akhir`, `id_user`, `id_petugas`, `status`) VALUES
(28, 2, '2021-04-19', '8000', 1, 2, 'ditutup'),
(29, 3, '2021-04-20', '0', 0, 1, 'dibuka');

-- --------------------------------------------------------

--
-- Struktur dari tabel `tb_level`
--

CREATE TABLE `tb_level` (
  `id_level` int(11) NOT NULL,
  `level` enum('administrator','petugas') NOT NULL
) ENGINE=InnoDB DEFAULT CHARSET=latin1;

--
-- Dumping data untuk tabel `tb_level`
--

INSERT INTO `tb_level` (`id_level`, `level`) VALUES
(1, 'administrator'),
(2, 'petugas');

-- --------------------------------------------------------

--
-- Struktur dari tabel `tb_masyarakat`
--

CREATE TABLE `tb_masyarakat` (
  `id_user` int(11) NOT NULL,
  `nama_lengkap` varchar(35) NOT NULL,
  `username` varchar(35) NOT NULL,
  `password` varchar(35) NOT NULL,
  `tlp` varchar(15) NOT NULL
) ENGINE=InnoDB DEFAULT CHARSET=latin1;

--
-- Dumping data untuk tabel `tb_masyarakat`
--

INSERT INTO `tb_masyarakat` (`id_user`, `nama_lengkap`, `username`, `password`, `tlp`) VALUES
(1, 'jo', 'jo', '674f33841e2309ffdd24c85dc3b999de', '088221264586'),
(2, 'yeager', 'yeager', '273b5b8200b0632ce0e8a0c3444596fc', '081234567890');

-- --------------------------------------------------------

--
-- Struktur dari tabel `tb_petugas`
--

CREATE TABLE `tb_petugas` (
  `id_petugas` int(11) NOT NULL,
  `nama_petugas` varchar(35) NOT NULL,
  `username` varchar(35) NOT NULL,
  `password` varchar(35) NOT NULL,
  `id_level` int(11) NOT NULL
) ENGINE=InnoDB DEFAULT CHARSET=latin1;

--
-- Dumping data untuk tabel `tb_petugas`
--

INSERT INTO `tb_petugas` (`id_petugas`, `nama_petugas`, `username`, `password`, `id_level`) VALUES
(1, 'admin', 'admin', '21232f297a57a5a743894a0e4a801fc3', 1),
(2, 'bambank', 'bambank', '25d196a89459aab748507353c0a92b5b', 2),
(3, 'jo', 'jo', '674f33841e2309ffdd24c85dc3b999de', 2),
(4, 'udin', 'udin', '6bec9c852847242e384a4d5ac0962ba0', 2);

--
-- Indexes for dumped tables
--

--
-- Indeks untuk tabel `tb_barang`
--
ALTER TABLE `tb_barang`
  ADD PRIMARY KEY (`id_barang`);

--
-- Indeks untuk tabel `tb_history`
--
ALTER TABLE `tb_history`
  ADD PRIMARY KEY (`id_history`),
  ADD KEY `id_lelang` (`id_lelang`),
  ADD KEY `id_barang` (`id_barang`),
  ADD KEY `id_user` (`id_user`);

--
-- Indeks untuk tabel `tb_lelang`
--
ALTER TABLE `tb_lelang`
  ADD PRIMARY KEY (`id_lelang`),
  ADD KEY `id_barang` (`id_barang`),
  ADD KEY `id_user` (`id_user`),
  ADD KEY `id_petugas` (`id_petugas`);

--
-- Indeks untuk tabel `tb_level`
--
ALTER TABLE `tb_level`
  ADD PRIMARY KEY (`id_level`);

--
-- Indeks untuk tabel `tb_masyarakat`
--
ALTER TABLE `tb_masyarakat`
  ADD PRIMARY KEY (`id_user`);

--
-- Indeks untuk tabel `tb_petugas`
--
ALTER TABLE `tb_petugas`
  ADD PRIMARY KEY (`id_petugas`),
  ADD KEY `id_level` (`id_level`);

--
-- AUTO_INCREMENT untuk tabel yang dibuang
--

--
-- AUTO_INCREMENT untuk tabel `tb_barang`
--
ALTER TABLE `tb_barang`
  MODIFY `id_barang` int(11) NOT NULL AUTO_INCREMENT, AUTO_INCREMENT=4;

--
-- AUTO_INCREMENT untuk tabel `tb_history`
--
ALTER TABLE `tb_history`
  MODIFY `id_history` int(11) NOT NULL AUTO_INCREMENT, AUTO_INCREMENT=12;

--
-- AUTO_INCREMENT untuk tabel `tb_lelang`
--
ALTER TABLE `tb_lelang`
  MODIFY `id_lelang` int(11) NOT NULL AUTO_INCREMENT, AUTO_INCREMENT=30;

--
-- AUTO_INCREMENT untuk tabel `tb_level`
--
ALTER TABLE `tb_level`
  MODIFY `id_level` int(11) NOT NULL AUTO_INCREMENT, AUTO_INCREMENT=3;

--
-- AUTO_INCREMENT untuk tabel `tb_masyarakat`
--
ALTER TABLE `tb_masyarakat`
  MODIFY `id_user` int(11) NOT NULL AUTO_INCREMENT, AUTO_INCREMENT=3;

--
-- AUTO_INCREMENT untuk tabel `tb_petugas`
--
ALTER TABLE `tb_petugas`
  MODIFY `id_petugas` int(11) NOT NULL AUTO_INCREMENT, AUTO_INCREMENT=5;

--
-- Ketidakleluasaan untuk tabel pelimpahan (Dumped Tables)
--

--
-- Ketidakleluasaan untuk tabel `tb_petugas`
--
ALTER TABLE `tb_petugas`
  ADD CONSTRAINT `tb_petugas_ibfk_1` FOREIGN KEY (`id_level`) REFERENCES `tb_level` (`id_level`);
COMMIT;

/*!40101 SET CHARACTER_SET_CLIENT=@OLD_CHARACTER_SET_CLIENT */;
/*!40101 SET CHARACTER_SET_RESULTS=@OLD_CHARACTER_SET_RESULTS */;
/*!40101 SET COLLATION_CONNECTION=@OLD_COLLATION_CONNECTION */;
